MP9 | Bulldozer,The Assault Collection,Restricted
SG 553 | Tornado,The Assault Collection,Consumer
Negev | Anodized Navy,The Assault Collection,Mil-Spec
Five-SeveN | Candy Apple,The Assault Collection,Industrial
FAMAS | Contrast Spray,The Office Collection,Consumer
M249 | Blizzard Marbleized,The Office Collection,Industrial
MP7 | Whiteout,The Office Collection,Mil-Spec
P2000 | Silver,The Office Collection,Mil-Spec
G3SG1 | Arctic Camo,The Office Collection,Industrial
Galil AR | Winter Forest,The Office Collection,Industrial
XM1014 | Fallout Warning,The Nuke Collection,Industrial
M4A4 | Radiation Hazard,The Nuke Collection,Mil-Spec
UMP-45 | Fallout Warning,The Nuke Collection,Industrial
PP-Bizon | Irradiated Alert,The Nuke Collection,Consumer
P90 | Fallout Warning,The Nuke Collection,Industrial
Tec-9 | Nuclear Threat,The Nuke Collection,Restricted
P250 | Nuclear Threat,The Nuke Collection,Restricted
Sawed-Off | Irradiated Alert,The Nuke Collection,Consumer
MAG-7 | Irradiated Alert,The Nuke Collection,Consumer
SCAR-20 | Splash Jam,The Militia Collection,Classified
Nova | Modern Hunter,The Militia Collection,Mil-Spec
PP-Bizon | Forest Leaves,The Militia Collection,Consumer
PP-Bizon | Modern Hunter,The Militia Collection,Mil-Spec
XM1014 | Blaze Orange,The Militia Collection,Mil-Spec
P250 | Modern Hunter,The Militia Collection,Mil-Spec
MAC-10 | Tornado,The Militia Collection,Consumer
Nova | Blaze Orange,The Militia Collection,Mil-Spec
XM1014 | Grassland,The Militia Collection,Consumer
P2000 | Grassland Leaves,The Militia Collection,Industrial
M4A4 | Modern Hunter,The Militia Collection,Restricted
Nova | Walnut,The Inferno Collection,Consumer
M4A4 | Tornado,The Inferno Collection,Industrial
Tec-9 | Brass,The Inferno Collection,Mil-Spec
P250 | Gunsmoke,The Inferno Collection,Industrial
Dual Berettas | Anodized Navy,The Inferno Collection,Mil-Spec
MAG-7 | Sand Dune,The Inferno Collection,Consumer
AK-47 | Black Laminate,The Vertigo Collection,Mil-Spec
PP-Bizon | Carbon Fiber,The Vertigo Collection,Industrial
MAC-10 | Urban DDPAT,The Vertigo Collection,Consumer
P90 | Glacier Mesh,The Vertigo Collection,Mil-Spec
Dual Berettas | Demolition,The Vertigo Collection,Restricted
XM1014 | Urban Perforated,The Vertigo Collection,Consumer
M4A4 | Jungle Tiger,The Aztec Collection,Industrial
SSG 08 | Lichen Dashed,The Aztec Collection,Consumer
Five-SeveN | Jungle,The Aztec Collection,Consumer
Tec-9 | Ossified,The Aztec Collection,Mil-Spec
Nova | Forest Leaves,The Aztec Collection,Consumer
AK-47 | Jungle Spray,The Aztec Collection,Industrial
AK-47 | Predator,The Dust Collection,Industrial
SCAR-20 | Palm,The Dust Collection,Industrial
Sawed-Off | Copper,The Dust Collection,Mil-Spec
M4A4 | Desert Storm,The Dust Collection,Industrial
AUG | Copperhead,The Dust Collection,Mil-Spec
Glock-18 | Brass,The Dust Collection,Restricted
P2000 | Scorpion,The Dust Collection,Restricted
Desert Eagle | Blaze,The Dust Collection,Restricted
AWP | Snake Camo,The Dust Collection,Mil-Spec
P90 | Death by Kitty,eSports 2013 Case,Covert
AWP | BOOM,eSports 2013 Case,Classified
MAG-7 | Memento,eSports 2013 Case,Mil-Spec
Galil AR | Orange DDPAT,eSports 2013 Case,Restricted
FAMAS | Doomkitty,eSports 2013 Case,Mil-Spec
P250 | Splash,eSports 2013 Case,Restricted
Sawed-Off | Orange DDPAT,eSports 2013 Case,Restricted
M4A4 | Faded Zebra,eSports 2013 Case,Mil-Spec
AK-47 | Red Laminate,eSports 2013 Case,Classified
AWP | Lightning Strike,CS:GO Weapon Case,Covert
AUG | Wings,CS:GO Weapon Case,Mil-Spec
SG 553 | Ultraviolet,CS:GO Weapon Case,Mil-Spec
AK-47 | Case Hardened,CS:GO Weapon Case,Classified
Desert Eagle | Hypnotic,CS:GO Weapon Case,Classified
Glock-18 | Dragon Tattoo,CS:GO Weapon Case,Restricted
USP-S | Dark Water,CS:GO Weapon Case,Restricted
MP7 | Skulls,CS:GO Weapon Case,Mil-Spec
M4A1-S | Dark Water,CS:GO Weapon Case,Restricted
SCAR-20 | Emerald,The Alpha Collection,Restricted
MP7 | Groundwater,The Alpha Collection,Consumer
AUG | Anodized Navy,The Alpha Collection,Mil-Spec
FAMAS | Spitfire,The Alpha Collection,Restricted
PP-Bizon | Rust Coat,The Alpha Collection,Mil-Spec
XM1014 | Jungle,The Alpha Collection,Consumer
Five-SeveN | Anodized Gunmetal,The Alpha Collection,Consumer
P250 | Facets,The Alpha Collection,Industrial
MP9 | Dry Season,The Alpha Collection,Consumer
Sawed-Off | Mosaico,The Alpha Collection,Industrial
MAG-7 | Hazard,The Alpha Collection,Mil-Spec
Negev | Palm,The Alpha Collection,Industrial
Tec-9 | Tornado,The Alpha Collection,Consumer
M249 | Jungle DDPAT,The Alpha Collection,Consumer
SSG 08 | Mayan Dreams,The Alpha Collection,Industrial
Glock-18 | Sand Dune,The Alpha Collection,Industrial
USP-S | Overgrowth,Operation Bravo Case,Restricted
AWP | Graphite,Operation Bravo Case,Classified
G3SG1 | Demeter,Operation Bravo Case,Mil-Spec
Galil AR | Shattered,Operation Bravo Case,Mil-Spec
SG 553 | Wave Spray,Operation Bravo Case,Mil-Spec
AK-47 | Fire Serpent,Operation Bravo Case,Covert
UMP-45 | Bone Pile,Operation Bravo Case,Mil-Spec
MAC-10 | Graven,Operation Bravo Case,Restricted
P2000 | Ocean Foam,Operation Bravo Case,Classified
Dual Berettas | Black Limba,Operation Bravo Case,Mil-Spec
M4A4 | Zirka,Operation Bravo Case,Restricted
Desert Eagle | Golden Koi,Operation Bravo Case,Covert
P90 | Emerald Dragon,Operation Bravo Case,Classified
Nova | Tempest,Operation Bravo Case,Mil-Spec
M4A1-S | Bright Water,Operation Bravo Case,Restricted
SSG 08 | Blood in the Water,CS:GO Weapon Case 2,Covert
USP-S | Serum,CS:GO Weapon Case 2,Classified
M4A1-S | Blood Tiger,CS:GO Weapon Case 2,Mil-Spec
MP9 | Hypnotic,CS:GO Weapon Case 2,Restricted
P90 | Cold Blooded,CS:GO Weapon Case 2,Classified
Dual Berettas | Hemoglobin,CS:GO Weapon Case 2,Restricted
P250 | Hive,CS:GO Weapon Case 2,Mil-Spec
Five-SeveN | Case Hardened,CS:GO Weapon Case 2,Restricted
FAMAS | Hexane,CS:GO Weapon Case 2,Mil-Spec
Tec-9 | Blue Titanium,CS:GO Weapon Case 2,Mil-Spec
Nova | Graphite,CS:GO Weapon Case 2,Restricted
SCAR-20 | Crimson Web,CS:GO Weapon Case 2,Mil-Spec
G3SG1 | Desert Storm,The Dust 2 Collection,Consumer
P250 | Sand Dune,The Dust 2 Collection,Consumer
Sawed-Off | Snake Camo,The Dust 2 Collection,Industrial
SG 553 | Damascus Steel,The Dust 2 Collection,Mil-Spec
AK-47 | Safari Mesh,The Dust 2 Collection,Industrial
SCAR-20 | Sand Mesh,The Dust 2 Collection,Consumer
Five-SeveN | Orange Peel,The Dust 2 Collection,Industrial
P2000 | Amber Fade,The Dust 2 Collection,Restricted
P90 | Sand Spray,The Dust 2 Collection,Consumer
MP9 | Sand Dashed,The Dust 2 Collection,Consumer
PP-Bizon | Brass,The Dust 2 Collection,Mil-Spec
MAC-10 | Palm,The Dust 2 Collection,Industrial
Tec-9 | VariCamo,The Dust 2 Collection,Industrial
Nova | Predator,The Dust 2 Collection,Consumer
M4A1-S | VariCamo,The Dust 2 Collection,Mil-Spec
XM1014 | CaliCamo,The Italy Collection,Industrial
Tec-9 | Groundwater,The Italy Collection,Consumer
Sawed-Off | Full Stop,The Italy Collection,Mil-Spec
AUG | Contractor,The Italy Collection,Consumer
M4A1-S | Boreal Forest,The Italy Collection,Industrial
FAMAS | Colony,The Italy Collection,Consumer
UMP-45 | Gunsmoke,The Italy Collection,Industrial
AWP | Pit Viper,The Italy Collection,Restricted
Nova | Sand Dune,The Italy Collection,Consumer
Glock-18 | Candy Apple,The Italy Collection,Mil-Spec
P2000 | Granite Marbleized,The Italy Collection,Industrial
Dual Berettas | Stained,The Italy Collection,Industrial
MP7 | Anodized Navy,The Italy Collection,Mil-Spec
PP-Bizon | Sand Dashed,The Italy Collection,Consumer
Nova | Candy Apple,The Italy Collection,Industrial
P250 | Boreal Forest,The Lake Collection,Consumer
USP-S | Night Ops,The Lake Collection,Mil-Spec
Desert Eagle | Mudder,The Lake Collection,Industrial
XM1014 | Blue Spruce,The Lake Collection,Consumer
AUG | Storm,The Lake Collection,Consumer
AWP | Safari Mesh,The Lake Collection,Industrial
Dual Berettas | Cobalt Quartz,The Lake Collection,Restricted
Galil AR | Sage Spray,The Lake Collection,Consumer
PP-Bizon | Night Ops,The Lake Collection,Industrial
P90 | Teardown,The Lake Collection,Mil-Spec
SG 553 | Waves Perforated,The Lake Collection,Consumer
G3SG1 | Jungle Dashed,The Lake Collection,Consumer
FAMAS | Cyanospatter,The Lake Collection,Industrial
XM1014 | Blue Steel,The Lake Collection,Industrial
SG 553 | Anodized Navy,The Lake Collection,Mil-Spec
P250 | Bone Mask,The Mirage Collection,Consumer
Negev | CaliCamo,The Mirage Collection,Industrial
Five-SeveN | Contractor,The Mirage Collection,Consumer
AUG | Colony,The Mirage Collection,Consumer
MAG-7 | Bulldozer,The Mirage Collection,Restricted
MAC-10 | Amber Fade,The Mirage Collection,Mil-Spec
G3SG1 | Safari Mesh,The Mirage Collection,Consumer
SSG 08 | Tropical Storm,The Mirage Collection,Industrial
P90 | Scorched,The Mirage Collection,Consumer
SG 553 | Gator Mesh,The Mirage Collection,Industrial
Galil AR | Hunting Blind,The Mirage Collection,Consumer
Glock-18 | Groundwater,The Mirage Collection,Industrial
UMP-45 | Blaze,The Mirage Collection,Mil-Spec
MP7 | Orange Peel,The Mirage Collection,Industrial
MP9 | Hot Rod,The Mirage Collection,Mil-Spec
Dual Berettas | Contractor,The Safehouse Collection,Consumer
SCAR-20 | Contractor,The Safehouse Collection,Consumer
G3SG1 | VariCamo,The Safehouse Collection,Industrial
SSG 08 | Blue Spruce,The Safehouse Collection,Consumer
SSG 08 | Acid Fade,The Safehouse Collection,Mil-Spec
M249 | Gator Mesh,The Safehouse Collection,Industrial
Galil AR | VariCamo,The Safehouse Collection,Industrial
M4A1-S | Nitro,The Safehouse Collection,Restricted
Tec-9 | Army Mesh,The Safehouse Collection,Consumer
Five-SeveN | Silver Quartz,The Safehouse Collection,Mil-Spec
MP7 | Army Recon,The Safehouse Collection,Consumer
USP-S | Forest Leaves,The Safehouse Collection,Industrial
AUG | Condemned,The Safehouse Collection,Industrial
FAMAS | Teardown,The Safehouse Collection,Mil-Spec
MP9 | Orange Peel,The Safehouse Collection,Industrial
UMP-45 | Urban DDPAT,The Train Collection,Consumer
P250 | Metallic DDPAT,The Train Collection,Industrial
Dual Berettas | Colony,The Train Collection,Consumer
G3SG1 | Polar Camo,The Train Collection,Consumer
Desert Eagle | Urban Rubble,The Train Collection,Mil-Spec
Tec-9 | Red Quartz,The Train Collection,Restricted
Five-SeveN | Forest Night,The Train Collection,Consumer
MAG-7 | Metallic DDPAT,The Train Collection,Industrial
SCAR-20 | Carbon Fiber,The Train Collection,Industrial
Sawed-Off | Amber Fade,The Train Collection,Mil-Spec
Nova | Polar Mesh,The Train Collection,Consumer
P90 | Ash Wood,The Train Collection,Industrial
PP-Bizon | Urban Dashed,The Train Collection,Consumer
MAC-10 | Candy Apple,The Train Collection,Industrial
M4A4 | Urban DDPAT,The Train Collection,Industrial
Galil AR | Sandstorm,Winter Offensive Weapon Case,Mil-Spec
Five-SeveN | Kami,Winter Offensive Weapon Case,Mil-Spec
M249 | Magma,Winter Offensive Weapon Case,Mil-Spec
PP-Bizon | Cobalt Halftone,Winter Offensive Weapon Case,Mil-Spec
FAMAS | Pulse,Winter Offensive Weapon Case,Restricted
Dual Berettas | Marina,Winter Offensive Weapon Case,Restricted
MP9 | Rose Iron,Winter Offensive Weapon Case,Restricted
Nova | Rising Skull,Winter Offensive Weapon Case,Restricted
M4A1-S | Guardian,Winter Offensive Weapon Case,Classified
P250 | Mehndi,Winter Offensive Weapon Case,Classified
AWP | Redline,Winter Offensive Weapon Case,Classified
M4A4 | Asiimov,Winter Offensive Weapon Case,Covert
Galil AR | Blue Titanium,eSports 2013 Winter Case,Mil-Spec
AK-47 | Blue Laminate,eSports 2013 Winter Case,Restricted
Desert Eagle | Cobalt Disruption,eSports 2013 Winter Case,Classified
PP-Bizon | Water Sigil,eSports 2013 Winter Case,Mil-Spec
Nova | Ghost Camo,eSports 2013 Winter Case,Mil-Spec
AWP | Electric Hive,eSports 2013 Winter Case,Classified
M4A4 | X-Ray,eSports 2013 Winter Case,Covert
G3SG1 | Azure Zebra,eSports 2013 Winter Case,Mil-Spec
P250 | Steel Disruption,eSports 2013 Winter Case,Mil-Spec
P90 | Blind Spot,eSports 2013 Winter Case,Restricted
FAMAS | Afterimage,eSports 2013 Winter Case,Classified
Five-SeveN | Nightshade,eSports 2013 Winter Case,Mil-Spec
Sawed-Off | The Kraken,Winter Offensive Weapon Case,Covert
CZ75-Auto | Crimson Web,CS:GO Weapon Case 3,Mil-Spec
P2000 | Red FragCam,CS:GO Weapon Case 3,Mil-Spec
Dual Berettas | Panther,CS:GO Weapon Case 3,Mil-Spec
USP-S | Stainless,CS:GO Weapon Case 3,Mil-Spec
Glock-18 | Blue Fissure,CS:GO Weapon Case 3,Mil-Spec
CZ75-Auto | Tread Plate,CS:GO Weapon Case 3,Restricted
Tec-9 | Titanium Bit,CS:GO Weapon Case 3,Restricted
Desert Eagle | Heirloom,CS:GO Weapon Case 3,Restricted
Five-SeveN | Copper Galaxy,CS:GO Weapon Case 3,Restricted
CZ75-Auto | The Fuschia Is Now,CS:GO Weapon Case 3,Classified
P250 | Undertow,CS:GO Weapon Case 3,Classified
CZ75-Auto | Victoria,CS:GO Weapon Case 3,Covert
UMP-45 | Corporal,Operation Phoenix Weapon Case,Mil-Spec
Negev | Terrain,Operation Phoenix Weapon Case,Mil-Spec
Tec-9 | Sandstorm,Operation Phoenix Weapon Case,Mil-Spec
MAG-7 | Heaven Guard,Operation Phoenix Weapon Case,Mil-Spec
MAC-10 | Heat,Operation Phoenix Weapon Case,Restricted
SG 553 | Pulse,Operation Phoenix Weapon Case,Restricted
FAMAS | Sergeant,Operation Phoenix Weapon Case,Restricted
USP-S | Guardian,Operation Phoenix Weapon Case,Restricted
AK-47 | Redline,Operation Phoenix Weapon Case,Classified
P90 | Trigon,Operation Phoenix Weapon Case,Classified
Nova | Antique,Operation Phoenix Weapon Case,Classified
AWP | Asiimov,Operation Phoenix Weapon Case,Covert
AUG | Chameleon,Operation Phoenix Weapon Case,Covert
Tec-9 | Isaac,Huntsman Weapon Case,Mil-Spec
SSG 08 | Slashed,Huntsman Weapon Case,Mil-Spec
Dual Berettas | Retribution,The Huntsman Collection,Mil-Spec
Galil AR | Kami,Huntsman Weapon Case,Mil-Spec
P90 | Desert Warfare,The Huntsman Collection,Mil-Spec
CZ75-Auto | Poison Dart,The Huntsman Collection,Mil-Spec
AUG | Torque,Huntsman Weapon Case,Restricted
PP-Bizon | Antique,Huntsman Weapon Case,Restricted
MAC-10 | Curse,The Huntsman Collection,Restricted
XM1014 | Heaven Guard,Huntsman Weapon Case,Restricted
M4A1-S | Atomic Alloy,Huntsman Weapon Case,Classified
SCAR-20 | Cyrex,Huntsman Weapon Case,Classified
USP-S | Orion,The Huntsman Collection,Classified
AK-47 | Vulcan,Huntsman Weapon Case,Covert
P250 | Franklin,The Bank Collection,Classified
AK-47 | Emerald Pinstripe,The Bank Collection,Restricted
CZ75-Auto | Tuxedo,The Bank Collection,Mil-Spec
Desert Eagle | Meteorite,The Bank Collection,Mil-Spec
G3SG1 | Green Apple,The Bank Collection,Industrial
Galil AR | Tuxedo,The Bank Collection,Mil-Spec
Glock-18 | Death Rattle,The Bank Collection,Industrial
MAC-10 | Silver,The Bank Collection,Industrial
MP7 | Forest DDPAT,The Bank Collection,Consumer
Negev | Army Sheen,The Bank Collection,Consumer
Nova | Caged Steel,The Bank Collection,Industrial
Sawed-Off | Forest DDPAT,The Bank Collection,Consumer
SG 553 | Army Sheen,The Bank Collection,Consumer
Tec-9 | Urban DDPAT,The Bank Collection,Consumer
UMP-45 | Carbon Fiber,The Bank Collection,Industrial
CZ75-Auto | Twist,Huntsman Weapon Case,Mil-Spec
P90 | Module,Huntsman Weapon Case,Mil-Spec
P2000 | Pulse,Huntsman Weapon Case,Mil-Spec
MAC-10 | Tatter,Huntsman Weapon Case,Restricted
USP-S | Caiman,Huntsman Weapon Case,Classified
M4A4 | Desert-Strike,Huntsman Weapon Case,Covert
M4A1-S | Cyrex,Operation Breakout Weapon Case,Covert
MP7 | Urban Hazard,Operation Breakout Weapon Case,Mil-Spec
Negev | Desert-Strike,Operation Breakout Weapon Case,Mil-Spec
Nova | Koi,Operation Breakout Weapon Case,Restricted
P250 | Supernova,Operation Breakout Weapon Case,Restricted
SSG 08 | Abyss,Operation Breakout Weapon Case,Mil-Spec
UMP-45 | Labyrinth,Operation Breakout Weapon Case,Mil-Spec
PP-Bizon | Osiris,Operation Breakout Weapon Case,Restricted
CZ75-Auto | Tigris,Operation Breakout Weapon Case,Restricted
Desert Eagle | Conspiracy,Operation Breakout Weapon Case,Classified
Five-SeveN | Fowl Play,Operation Breakout Weapon Case,Classified
Glock-18 | Water Elemental,Operation Breakout Weapon Case,Classified
P2000 | Ivory,Operation Breakout Weapon Case,Mil-Spec
P90 | Asiimov,Operation Breakout Weapon Case,Covert
P90 | Leather,The Baggage Collection,Industrial
MAC-10 | Commuter,The Baggage Collection,Industrial
Sawed-Off | First Class,The Baggage Collection,Mil-Spec
P2000 | Coach Class,The Baggage Collection,Industrial
USP-S | Business Class,The Baggage Collection,Mil-Spec
G3SG1 | Contractor,The Baggage Collection,Consumer
MP7 | Olive Plaid,The Baggage Collection,Consumer
CZ75-Auto | Green Plaid,The Baggage Collection,Consumer
MP9 | Green Plaid,The Baggage Collection,Consumer
SSG 08 | Sand Dune,The Baggage Collection,Consumer
SG 553 | Traveler,The Baggage Collection,Industrial
XM1014 | Red Leather,The Baggage Collection,Mil-Spec
Desert Eagle | Pilot,The Baggage Collection,Restricted
AK-47 | Jet Set,The Baggage Collection,Classified
AK-47 | First Class,The Baggage Collection,Restricted
AWP | Dragon Lore,The Cobblestone Collection,Covert
P90 | Storm,The Cobblestone Collection,Consumer
UMP-45 | Indigo,The Cobblestone Collection,Consumer
MAC-10 | Indigo,The Cobblestone Collection,Consumer
SCAR-20 | Storm,The Cobblestone Collection,Consumer
USP-S | Royal Blue,The Cobblestone Collection,Industrial
Dual Berettas | Briar,The Cobblestone Collection,Consumer
Nova | Green Apple,The Cobblestone Collection,Industrial
MAG-7 | Silver,The Cobblestone Collection,Industrial
MP9 | Dark Age,The Cobblestone Collection,Mil-Spec
Desert Eagle | Hand Cannon,The Cobblestone Collection,Restricted
P2000 | Chainmail,The Cobblestone Collection,Mil-Spec
Sawed-Off | Rust Coat,The Cobblestone Collection,Industrial
M4A1-S | Knight,The Cobblestone Collection,Classified
CZ75-Auto | Chalice,The Cobblestone Collection,Restricted
M4A1-S | Master Piece,The Overpass Collection,Classified
Desert Eagle | Urban DDPAT,The Overpass Collection,Industrial
MP7 | Gunsmoke,The Overpass Collection,Industrial
Glock-18 | Night,The Overpass Collection,Industrial
P2000 | Grassland,The Overpass Collection,Industrial
CZ75-Auto | Nitro,The Overpass Collection,Mil-Spec
Sawed-Off | Sage Spray,The Overpass Collection,Consumer
UMP-45 | Scorched,The Overpass Collection,Consumer
M249 | Contrast Spray,The Overpass Collection,Consumer
MAG-7 | Storm,The Overpass Collection,Consumer
MP9 | Storm,The Overpass Collection,Consumer
XM1014 | VariCamo Blue,The Overpass Collection,Mil-Spec
AWP | Pink DDPAT,The Overpass Collection,Restricted
USP-S | Road Rash,The Overpass Collection,Restricted
SSG 08 | Detour,The Overpass Collection,Mil-Spec
M4A4 | Bullet Rain,eSports 2014 Summer Case,Covert
P2000 | Corticera,eSports 2014 Summer Case,Classified
AWP | Corticera,eSports 2014 Summer Case,Classified
AK-47 | Jaguar,eSports 2014 Summer Case,Covert
Nova | Bloomstick,eSports 2014 Summer Case,Classified
AUG | Bengal Tiger,eSports 2014 Summer Case,Classified
Desert Eagle | Crimson Web,eSports 2014 Summer Case,Restricted
Glock-18 | Steel Disruption,eSports 2014 Summer Case,Restricted
MP7 | Ocean Foam,eSports 2014 Summer Case,Restricted
PP-Bizon | Blue Streak,eSports 2014 Summer Case,Restricted
XM1014 | Red Python,eSports 2014 Summer Case,Mil-Spec
Negev | Bratatat,eSports 2014 Summer Case,Mil-Spec
CZ75-Auto | Hexane,eSports 2014 Summer Case,Mil-Spec
USP-S | Blood Tiger,eSports 2014 Summer Case,Mil-Spec
MAC-10 | Ultraviolet,eSports 2014 Summer Case,Mil-Spec
SSG 08 | Dark Water,eSports 2014 Summer Case,Mil-Spec
P90 | Virus,eSports 2014 Summer Case,Restricted
Galil AR | Cerberus,The Cache Collection,Restricted
Tec-9 | Toxic,The Cache Collection,Mil-Spec
Glock-18 | Reactor,The Cache Collection,Mil-Spec
XM1014 | Bone Machine,The Cache Collection,Mil-Spec
MAC-10 | Nuclear Garden,The Cache Collection,Mil-Spec
AUG | Radiation Hazard,The Cache Collection,Industrial
MP9 | Setting Sun,The Cache Collection,Mil-Spec
PP-Bizon | Chemical Green,The Cache Collection,Industrial
Negev | Nuclear Waste,The Cache Collection,Industrial
FAMAS | Styx,The Cache Collection,Restricted
P250 | Contamination,The Cache Collection,Industrial
Five-SeveN | Hot Shot,The Cache Collection,Industrial
SG 553 | Fallout Warning,The Cache Collection,Industrial
AK-47 | Wasteland Rebel,Operation Vanguard Weapon Case,Covert
Five-SeveN | Urban Hazard,Operation Vanguard Weapon Case,Mil-Spec
G3SG1 | Murky,Operation Vanguard Weapon Case,Mil-Spec
Glock-18 | Grinder,Operation Vanguard Weapon Case,Restricted
M4A1-S | Basilisk,Operation Vanguard Weapon Case,Restricted
M4A4 | Griffin,Operation Vanguard Weapon Case,Restricted
MAG-7 | Firestarter,Operation Vanguard Weapon Case,Mil-Spec
MP9 | Dart,Operation Vanguard Weapon Case,Mil-Spec
P250 | Cartel,Operation Vanguard Weapon Case,Classified
P2000 | Fire Elemental,Operation Vanguard Weapon Case,Covert
Sawed-Off | Highwayman,Operation Vanguard Weapon Case,Restricted
SCAR-20 | Cardiac,Operation Vanguard Weapon Case,Classified
UMP-45 | Delusion,Operation Vanguard Weapon Case,Mil-Spec
XM1014 | Tranquility,Operation Vanguard Weapon Case,Classified
AK-47 | Cartel,Chroma Case,Classified
AWP | Man-o'-war,Chroma Case,Covert
Desert Eagle | Naga,Chroma Case,Restricted
Galil AR | Chatterbox,Chroma Case,Covert
Glock-18 | Catacombs,Chroma Case,Mil-Spec
M249 | System Lock,Chroma Case,Mil-Spec
XM1014 | Quicksilver,Chroma Case,Mil-Spec
MAC-10 | Malachite,Chroma Case,Restricted
MP9 | Deadly Poison,Chroma Case,Mil-Spec
P250 | Muertos,Chroma Case,Classified
M4A4 | 龍王 (Dragon King),Chroma Case,Classified
Sawed-Off | Serenity,Chroma Case,Restricted
SCAR-20 | Grotto,Chroma Case,Mil-Spec
Dual Berettas | Urban Shock,Chroma Case,Restricted
MAC-10 | Neon Rider,Chroma 2 Case,Covert
M4A1-S | Hyper Beast,Chroma 2 Case,Covert
FAMAS | Djinn,Chroma 2 Case,Classified
Galil AR | Eco,Chroma 2 Case,Classified
Five-SeveN | Monkey Business,Chroma 2 Case,Classified
UMP-45 | Grand Prix,Chroma 2 Case,Restricted
CZ75-Auto | Pole Position,Chroma 2 Case,Restricted
MAG-7 | Heat,Chroma 2 Case,Restricted
AWP | Worm God,Chroma 2 Case,Restricted
Sawed-Off | Origami,Chroma 2 Case,Mil-Spec
Negev | Man-o'-war,Chroma 2 Case,Mil-Spec
P250 | Valence,Chroma 2 Case,Mil-Spec
Desert Eagle | Bronze Deco,Chroma 2 Case,Mil-Spec
MP7 | Armor Core,Chroma 2 Case,Mil-Spec
AK-47 | Elite Build,Chroma 2 Case,Mil-Spec
AWP | Hyper Beast,Falchion Case,Covert
AK-47 | Aquamarine Revenge,Falchion Case,Covert
SG 553 | Cyrex,Falchion Case,Classified
MP7 | Nemesis,Falchion Case,Classified
CZ75-Auto | Yellow Jacket,Falchion Case,Classified
P2000 | Handgun,Falchion Case,Restricted
Negev | Loudmouth,Falchion Case,Restricted
MP9 | Ruby Poison Dart,Falchion Case,Restricted
M4A4 | Evil Daimyo,Falchion Case,Restricted
FAMAS | Neural Net,Falchion Case,Restricted
USP-S | Torque,Falchion Case,Mil-Spec
UMP-45 | Riot,Falchion Case,Mil-Spec
P90 | Elite Build,Falchion Case,Mil-Spec
Nova | Ranger,Falchion Case,Mil-Spec
Glock-18 | Bunsen Burner,Falchion Case,Mil-Spec
Galil AR | Rocket Pop,Falchion Case,Mil-Spec
SCAR-20 | Army Sheen,The Chop Shop Collection,Consumer
CZ75-Auto | Army Sheen,The Chop Shop Collection,Consumer
M249 | Impact Drill,The Chop Shop Collection,Consumer
MAG-7 | Seabird,The Chop Shop Collection,Consumer
Desert Eagle | Night,The Chop Shop Collection,Industrial
Galil AR | Urban Rubble,The Chop Shop Collection,Industrial
USP-S | Para Green,The Chop Shop Collection,Industrial
MAC-10 | Fade,The Chop Shop Collection,Mil-Spec
P250 | Whiteout,The Chop Shop Collection,Mil-Spec
MP7 | Full Stop,The Chop Shop Collection,Mil-Spec
Five-SeveN | Nitro,The Chop Shop Collection,Mil-Spec
CZ75-Auto | Emerald,The Chop Shop Collection,Mil-Spec
SG 553 | Bulldozer,The Chop Shop Collection,Restricted
Dual Berettas | Duelist,The Chop Shop Collection,Restricted
Glock-18 | Twilight Galaxy,The Chop Shop Collection,Classified
M4A1-S | Hot Rod,The Chop Shop Collection,Classified
MP7 | Asterion,The Gods and Monsters Collection,Consumer
AUG | Daedalus,The Gods and Monsters Collection,Consumer
Dual Berettas | Moon in Libra,The Gods and Monsters Collection,Consumer
Nova | Moon in Libra,The Gods and Monsters Collection,Consumer
Tec-9 | Hades,The Gods and Monsters Collection,Industrial
P2000 | Pathfinder,The Gods and Monsters Collection,Industrial
AWP | Sun in Leo,The Gods and Monsters Collection,Industrial
M249 | Shipping Forecast,The Gods and Monsters Collection,Industrial
UMP-45 | Minotaur's Labyrinth,The Gods and Monsters Collection,Mil-Spec
MP9 | Pandora's Box,The Gods and Monsters Collection,Mil-Spec
G3SG1 | Chronos,The Gods and Monsters Collection,Restricted
M4A1-S | Icarus Fell,The Gods and Monsters Collection,Restricted
M4A4 | Poseidon,The Gods and Monsters Collection,Classified
AWP | Medusa,The Gods and Monsters Collection,Covert
PP-Bizon | Bamboo Print,The Rising Sun Collection,Consumer
Sawed-Off | Bamboo Shadow,The Rising Sun Collection,Consumer
Tec-9 | Bamboo Forest,The Rising Sun Collection,Consumer
G3SG1 | Orange Kimono,The Rising Sun Collection,Consumer
P250 | Mint Kimono,The Rising Sun Collection,Consumer
P250 | Crimson Kimono,The Rising Sun Collection,Industrial
Desert Eagle | Midnight Storm,The Rising Sun Collection,Industrial
Galil AR | Aqua Terrace,The Rising Sun Collection,Mil-Spec
MAG-7 | Counter Terrace,The Rising Sun Collection,Mil-Spec
Tec-9 | Terrace,The Rising Sun Collection,Mil-Spec
Five-SeveN | Neon Kimono,The Rising Sun Collection,Restricted
Desert Eagle | Sunset Storm 壱,The Rising Sun Collection,Restricted
Desert Eagle | Sunset Storm 弐,The Rising Sun Collection,Restricted
M4A4 | Daybreak,The Rising Sun Collection,Restricted
AK-47 | Hydroponic,The Rising Sun Collection,Classified
AUG | Akihabara Accept,The Rising Sun Collection,Covert
Dual Berettas | Dualing Dragons,Shadow Case,Mil-Spec
FAMAS | Survivor Z,Shadow Case,Mil-Spec
Glock-18 | Wraiths,Shadow Case,Mil-Spec
MAC-10 | Rangeen,Shadow Case,Mil-Spec
MAG-7 | Cobalt Core,Shadow Case,Mil-Spec
SCAR-20 | Green Marine,Shadow Case,Mil-Spec
XM1014 | Scumbria,Shadow Case,Mil-Spec
Galil AR | Stone Cold,Shadow Case,Restricted
M249 | Nebula Crusader,Shadow Case,Restricted
MP7 | Special Delivery,Shadow Case,Restricted
P250 | Wingshot,Shadow Case,Restricted
AK-47 | Frontside Misty,Shadow Case,Classified
G3SG1 | Flux,Shadow Case,Classified
SSG 08 | Big Iron,Shadow Case,Classified
M4A1-S | Golden Coil,Shadow Case,Covert
USP-S | Kill Confirmed,Shadow Case,Covert
R8 Revolver | Fade,Revolver Case,Covert
M4A4 | Royal Paladin,Revolver Case,Covert
R8 Revolver | Crimson Web,Revolver Case,Mil-Spec
AUG | Ricochet,Revolver Case,Mil-Spec
Desert Eagle | Corinthian,Revolver Case,Mil-Spec
P2000 | Imperial,Revolver Case,Mil-Spec
Sawed-Off | Yorick,Revolver Case,Mil-Spec
SCAR-20 | Outbreak,Revolver Case,Mil-Spec
PP-Bizon | Fuel Rod,Revolver Case,Restricted
Negev | Power Loader,Revolver Case,Restricted
Five-SeveN | Retrobution,Revolver Case,Restricted
SG 553 | Tiger Moth,Revolver Case,Restricted
Tec-9 | Avalanche,Revolver Case,Restricted
XM1014 | Teclu Burner,Revolver Case,Restricted
AK-47 | Point Disarray,Revolver Case,Classified
P90 | Shapewood,Revolver Case,Classified
G3SG1 | The Executioner,Revolver Case,Classified
R8 Revolver | Amber Fade,The Dust 2 Collection,Classified
R8 Revolver | Bone Mask,The Bank Collection,Consumer
PP-Bizon | Photic Zone,Operation Wildfire Case,Mil-Spec
Dual Berettas | Cartel,Operation Wildfire Case,Mil-Spec
MAC-10 | Lapis Gator,Operation Wildfire Case,Mil-Spec
SSG 08 | Necropos,Operation Wildfire Case,Mil-Spec
Tec-9 | Jambiya,Operation Wildfire Case,Mil-Spec
USP-S | Lead Conduit,Operation Wildfire Case,Mil-Spec
FAMAS | Valence,Operation Wildfire Case,Restricted
Five-SeveN | Triumvirate,Operation Wildfire Case,Restricted
Glock-18 | Royal Legion,Operation Wildfire Case,Restricted
MAG-7 | Praetorian,Operation Wildfire Case,Restricted
MP7 | Impire,Operation Wildfire Case,Restricted
AWP | Elite Build,Operation Wildfire Case,Classified
Desert Eagle | Kumicho Dragon,Operation Wildfire Case,Classified
Nova | Hyper Beast,Operation Wildfire Case,Classified
AK-47 | Fuel Injector,Operation Wildfire Case,Covert
M4A4 | The Battlestar,Operation Wildfire Case,Covert
AUG | Fleet Flock,Chroma 3 Case,Classified
PP-Bizon | Judgement of Anubis,Chroma 3 Case,Covert
CZ75-Auto | Red Astor,Chroma 3 Case,Restricted
Dual Berettas | Ventilators,Chroma 3 Case,Mil-Spec
G3SG1 | Orange Crash,Chroma 3 Case,Mil-Spec
Galil AR | Firefight,Chroma 3 Case,Restricted
M249 | Spectre,Chroma 3 Case,Mil-Spec
M4A1-S | Chantico's Fire,Chroma 3 Case,Covert
MP9 | Bioleak,Chroma 3 Case,Mil-Spec
P2000 | Oceanic,Chroma 3 Case,Mil-Spec
P250 | Asiimov,Chroma 3 Case,Classified
Sawed-Off | Fubar,Chroma 3 Case,Mil-Spec
SG 553 | Atlas,Chroma 3 Case,Mil-Spec
SSG 08 | Ghost Crusader,Chroma 3 Case,Restricted
Tec-9 | Re-Entry,Chroma 3 Case,Restricted
UMP-45 | Primal Saber,Chroma 3 Case,Classified
XM1014 | Black Tie,Chroma 3 Case,Restricted
M4A1-S | Mecha Industries,Gamma Case,Covert
Glock-18 | Wasteland Rebel,Gamma Case,Covert
SCAR-20 | Bloodsport,Gamma Case,Classified
P2000 | Imperial Dragon,Gamma Case,Classified
M4A4 | Desolate Space,Gamma Case,Classified
Sawed-Off | Limelight,Gamma Case,Restricted
R8 Revolver | Reboot,Gamma Case,Restricted
P90 | Chopper,Gamma Case,Restricted
AWP | Phobos,Gamma Case,Restricted
AUG | Aristocrat,Gamma Case,Restricted
Tec-9 | Ice Cap,Gamma Case,Mil-Spec
SG 553 | Aerial,Gamma Case,Mil-Spec
PP-Bizon | Harvester,Gamma Case,Mil-Spec
P250 | Iron Clad,Gamma Case,Mil-Spec
Nova | Exo,Gamma Case,Mil-Spec
MAC-10 | Carnivore,Gamma Case,Mil-Spec
Five-SeveN | Violent Daimyo,Gamma Case,Mil-Spec
AK-47 | Neon Revolution,Gamma 2 Case,Covert
AUG | Syd Mead,Gamma 2 Case,Classified
CZ75-Auto | Imprint,Gamma 2 Case,Mil-Spec
Desert Eagle | Directive,Gamma 2 Case,Restricted
FAMAS | Roll Cage,Gamma 2 Case,Covert
Five-SeveN | Scumbria,Gamma 2 Case,Mil-Spec
G3SG1 | Ventilator,Gamma 2 Case,Mil-Spec
Glock-18 | Weasel,Gamma 2 Case,Restricted
MAG-7 | Petroglyph,Gamma 2 Case,Restricted
MP9 | Airlock,Gamma 2 Case,Classified
Negev | Dazzle,Gamma 2 Case,Mil-Spec
P90 | Grim,Gamma 2 Case,Mil-Spec
SCAR-20 | Powercore,Gamma 2 Case,Restricted
SG 553 | Triarch,Gamma 2 Case,Restricted
Tec-9 | Fuel Injector,Gamma 2 Case,Classified
UMP-45 | Briefing,Gamma 2 Case,Mil-Spec
XM1014 | Slipstream,Gamma 2 Case,Mil-Spec
CZ75-Auto | Polymer,Glove Case,Mil-Spec
Glock-18 | Ironwork,Glove Case,Mil-Spec
MP7 | Cirrus,Glove Case,Mil-Spec
Galil AR | Black Sand,Glove Case,Mil-Spec
MP9 | Sand Scale,Glove Case,Mil-Spec
MAG-7 | Sonar,Glove Case,Mil-Spec
P2000 | Turf,Glove Case,Mil-Spec
Dual Berettas | Royal Consorts,Glove Case,Restricted
G3SG1 | Stinger,Glove Case,Restricted
M4A1-S | Flashback,Glove Case,Restricted
Nova | Gila,Glove Case,Restricted
USP-S | Cyrex,Glove Case,Restricted
FAMAS | Mecha Industries,Glove Case,Classified
P90 | Shallow Grave,Glove Case,Classified
Sawed-Off | Wasteland Princess,Glove Case,Classified
SSG 08 | Dragonfire,Glove Case,Covert
M4A4 | Buzz Kill,Glove Case,Covert
PP-Bizon | Jungle Slipstream,Spectrum Case,Mil-Spec
SCAR-20 | Blueprint,Spectrum Case,Mil-Spec
Desert Eagle | Oxide Blaze,Spectrum Case,Mil-Spec
Five-SeveN | Capillary,Spectrum Case,Mil-Spec
MP7 | Akoben,Spectrum Case,Mil-Spec
P250 | Ripple,Spectrum Case,Mil-Spec
Sawed-Off | Zander,Spectrum Case,Mil-Spec
Galil AR | Crimson Tsunami,Spectrum Case,Restricted
M249 | Emerald Poison Dart,Spectrum Case,Restricted
MAC-10 | Last Dive,Spectrum Case,Restricted
UMP-45 | Scaffold,Spectrum Case,Restricted
XM1014 | Seasons,Spectrum Case,Restricted
AWP | Fever Dream,Spectrum Case,Classified
CZ75-Auto | Xiangliu,Spectrum Case,Classified
M4A1-S | Decimator,Spectrum Case,Classified
AK-47 | Bloodsport,Spectrum Case,Covert
USP-S | Neo-Noir,Spectrum Case,Covert
USP-S | Blueprint,Operation Hydra Case,Mil-Spec
FAMAS | Macabre,Operation Hydra Case,Mil-Spec
M4A1-S | Briefing,Operation Hydra Case,Mil-Spec
MAC-10 | Aloha,Operation Hydra Case,Mil-Spec
MAG-7 | Hard Water,Operation Hydra Case,Mil-Spec
Tec-9 | Cut Out,Operation Hydra Case,Mil-Spec
UMP-45 | Metal Flowers,Operation Hydra Case,Mil-Spec
AK-47 | Orbit Mk01,Operation Hydra Case,Restricted
P2000 | Woodsman,Operation Hydra Case,Restricted
P250 | Red Rock,Operation Hydra Case,Restricted
P90 | Death Grip,Operation Hydra Case,Restricted
SSG 08 | Death's Head,Operation Hydra Case,Restricted
Dual Berettas | Cobra Strike,Operation Hydra Case,Classified
Galil AR | Sugar Rush,Operation Hydra Case,Classified
M4A4 | Hellfire,Operation Hydra Case,Classified
Five-SeveN | Hyper Beast,Operation Hydra Case,Covert
AWP | Oni Taiji,Operation Hydra Case,Covert
Sawed-Off | Morris,Spectrum 2 Case,Mil-Spec
AUG | Triqua,Spectrum 2 Case,Mil-Spec
G3SG1 | Hunter,Spectrum 2 Case,Mil-Spec
Glock-18 | Off World,Spectrum 2 Case,Mil-Spec
MAC-10 | Oceanic,Spectrum 2 Case,Mil-Spec
Tec-9 | Cracked Opal,Spectrum 2 Case,Mil-Spec
SCAR-20 | Jungle Slipstream,Spectrum 2 Case,Mil-Spec
MP9 | Goo,Spectrum 2 Case,Restricted
SG 553 | Phantom,Spectrum 2 Case,Restricted
CZ75-Auto | Tacticat,Spectrum 2 Case,Restricted
UMP-45 | Exposure,Spectrum 2 Case,Restricted
XM1014 | Ziggy,Spectrum 2 Case,Restricted
PP-Bizon | High Roller,Spectrum 2 Case,Classified
M4A1-S | Leaded Glass,Spectrum 2 Case,Classified
R8 Revolver | Llama Cannon,Spectrum 2 Case,Classified
AK-47 | The Empress,Spectrum 2 Case,Covert
P250 | See Ya Later,Spectrum 2 Case,Covert
PP-Bizon | Night Riot,Clutch Case,Mil-Spec
Five-SeveN | Flame Test,Clutch Case,Mil-Spec
MP9 | Black Sand,Clutch Case,Mil-Spec
P2000 | Urban Hazard,Clutch Case,Mil-Spec
R8 Revolver | Grip,Clutch Case,Mil-Spec
SG 553 | Aloha,Clutch Case,Mil-Spec
XM1014 | Oxide Blaze,Clutch Case,Mil-Spec
Glock-18 | Moonrise,Clutch Case,Restricted
Negev | Lionfish,Clutch Case,Restricted
Nova | Wild Six,Clutch Case,Restricted
MAG-7 | SWAG-7,Clutch Case,Restricted
UMP-45 | Arctic Wolf,Clutch Case,Restricted
AUG | Stymphalian,Clutch Case,Classified
AWP | Mortis,Clutch Case,Classified
USP-S | Cortex,Clutch Case,Classified
M4A4 | Neo-Noir,Clutch Case,Covert
MP7 | Bloodsport,Clutch Case,Covert
AUG | Amber Slipstream,Horizon Case,Mil-Spec
Dual Berettas | Shred,Horizon Case,Mil-Spec
Glock-18 | Warhawk,Horizon Case,Mil-Spec
MP9 | Capillary,Horizon Case,Mil-Spec
P90 | Traction,Horizon Case,Mil-Spec
R8 Revolver | Survivalist,Horizon Case,Mil-Spec
Tec-9 | Snek-9,Horizon Case,Mil-Spec
CZ75-Auto | Eco,Horizon Case,Restricted
G3SG1 | High Seas,Horizon Case,Restricted
Nova | Toy Soldier,Horizon Case,Restricted
AWP | PAW,Horizon Case,Restricted
MP7 | Powercore,Horizon Case,Restricted
M4A1-S | Nightmare,Horizon Case,Classified
Sawed-Off | Devourer,Horizon Case,Classified
FAMAS | Eye of Athena,Horizon Case,Classified
AK-47 | Neon Rider,Horizon Case,Covert
Desert Eagle | Code Red,Horizon Case,Covert
PP-Bizon | Facility Sketch,The 2018 Nuke Collection,Consumer
P250 | Facility Draft,The 2018 Nuke Collection,Consumer
UMP-45 | Facility Dark,The 2018 Nuke Collection,Consumer
Five-SeveN | Coolant,The 2018 Nuke Collection,Consumer
Nova | Mandrel,The 2018 Nuke Collection,Consumer
M4A4 | Mainframe,The 2018 Nuke Collection,Industrial
MP7 | Motherboard,The 2018 Nuke Collection,Industrial
Negev | Bulkhead,The 2018 Nuke Collection,Industrial
Galil AR | Cold Fusion,The 2018 Nuke Collection,Industrial
P90 | Facility Negative,The 2018 Nuke Collection,Mil-Spec
MP5-SD | Co-Processor,The 2018 Nuke Collection,Mil-Spec
P250 | Exchanger,The 2018 Nuke Collection,Mil-Spec
AWP | Acheron,The 2018 Nuke Collection,Mil-Spec
AUG | Random Access,The 2018 Nuke Collection,Restricted
MAG-7 | Core Breach,The 2018 Nuke Collection,Restricted
Glock-18 | Nuclear Garden,The 2018 Nuke Collection,Restricted
Tec-9 | Remote Control,The 2018 Nuke Collection,Classified
M4A1-S | Control Panel,The 2018 Nuke Collection,Classified
UMP-45 | Mudder,The 2018 Inferno Collection,Consumer
MP5-SD | Dirt Drop,The 2018 Inferno Collection,Consumer
MP9 | Slide,The 2018 Inferno Collection,Consumer
AUG | Sweeper,The 2018 Inferno Collection,Consumer
MAG-7 | Rust Coat,The 2018 Inferno Collection,Consumer
PP-Bizon | Candy Apple,The 2018 Inferno Collection,Industrial
MAC-10 | Calf Skin,The 2018 Inferno Collection,Industrial
R8 Revolver | Nitro,The 2018 Inferno Collection,Industrial
Glock-18 | High Beam,The 2018 Inferno Collection,Industrial
SSG 08 | Hand Brake,The 2018 Inferno Collection,Mil-Spec
M4A4 | Converter,The 2018 Inferno Collection,Mil-Spec
USP-S | Check Engine,The 2018 Inferno Collection,Mil-Spec
Sawed-Off | Brake Light,The 2018 Inferno Collection,Mil-Spec
P250 | Vino Primo,The 2018 Inferno Collection,Restricted
MP7 | Fade,The 2018 Inferno Collection,Restricted
AK-47 | Safety Net,The 2018 Inferno Collection,Restricted
Dual Berettas | Twin Turbo,The 2018 Inferno Collection,Classified
SG 553 | Integrale,The 2018 Inferno Collection,Classified
MP5-SD | Lab Rats,The Blacksite Collection,Restricted
MP9 | Modest Threat,Danger Zone Case,Mil-Spec
Glock-18 | Oxide Blaze,Danger Zone Case,Mil-Spec
Nova | Wood Fired,Danger Zone Case,Mil-Spec
M4A4 | Magnesium,Danger Zone Case,Mil-Spec
Sawed-Off | Black Sand,Danger Zone Case,Mil-Spec
SG 553 | Danger Close,Danger Zone Case,Mil-Spec
Tec-9 | Fubar,Danger Zone Case,Mil-Spec
G3SG1 | Scavenger,Danger Zone Case,Restricted
Galil AR | Signal,Danger Zone Case,Restricted
MAC-10 | Pipe Down,Danger Zone Case,Restricted
P250 | Nevermore,Danger Zone Case,Restricted
USP-S | Flashback,Danger Zone Case,Restricted
UMP-45 | Momentum,Danger Zone Case,Classified
Desert Eagle | Mecha Industries,Danger Zone Case,Classified
MP5-SD | Phosphor,Danger Zone Case,Classified
AK-47 | Asiimov,Danger Zone Case,Covert
AWP | Neo-Noir,Danger Zone Case,Covert
FAMAS | Crypsis,Prisma Case,Mil-Spec
AK-47 | Uncharted,Prisma Case,Mil-Spec
MAC-10 | Whitefish,Prisma Case,Mil-Spec
Galil AR | Akoben,Prisma Case,Mil-Spec
MP7 | Mischief,Prisma Case,Mil-Spec
P250 | Verdigris,Prisma Case,Mil-Spec
P90 | Off World,Prisma Case,Mil-Spec
AWP | Atheris,Prisma Case,Restricted
Tec-9 | Bamboozle,Prisma Case,Restricted
Desert Eagle | Light Rail,Prisma Case,Restricted
MP5-SD | Gauss,Prisma Case,Restricted
UMP-45 | Moonrise,Prisma Case,Restricted
R8 Revolver | Skull Crusher,Prisma Case,Classified
AUG | Momentum,Prisma Case,Classified
XM1014 | Incinegator,Prisma Case,Classified
Five-SeveN | Angry Mob,Prisma Case,Covert
M4A4 | The Emperor,Prisma Case,Covert
P250 | X-Ray,X-Ray P250 Package,Restricted
Dual Berettas | Elite 1.6,CS20 Case,Mil-Spec
Tec-9 | Flash Out,CS20 Case,Mil-Spec
MAC-10 | Classic Crate,CS20 Case,Mil-Spec
MAG-7 | Popdog,CS20 Case,Mil-Spec
SCAR-20 | Assault,CS20 Case,Mil-Spec
FAMAS | Decommissioned,CS20 Case,Mil-Spec
Glock-18 | Sacrifice,CS20 Case,Mil-Spec
M249 | Aztec,CS20 Case,Restricted
MP5-SD | Agent,CS20 Case,Restricted
Five-SeveN | Buddy,CS20 Case,Restricted
P250 | Inferno,CS20 Case,Restricted
UMP-45 | Plastique,CS20 Case,Restricted
MP9 | Hydra,CS20 Case,Classified
P90 | Nostalgia,CS20 Case,Classified
AUG | Death by Puppy,CS20 Case,Classified
AWP | Wildfire,CS20 Case,Covert
FAMAS | Commemoration,CS20 Case,Covert
MP5-SD | Bamboo Garden,The St. Marc Collection,Consumer
MAC-10 | Surfwood,The St. Marc Collection,Consumer
PP-Bizon | Seabird,The St. Marc Collection,Consumer
Sawed-Off | Jungle Thicket,The St. Marc Collection,Consumer
M249 | Jungle,The St. Marc Collection,Consumer
P90 | Sunset Lily,The St. Marc Collection,Industrial
M4A4 | Dark Blossom,The St. Marc Collection,Industrial
XM1014 | Banana Leaf,The St. Marc Collection,Industrial
Tec-9 | Rust Leaf,The St. Marc Collection,Industrial
UMP-45 | Day Lily,The St. Marc Collection,Mil-Spec
Five-SeveN | Crimson Blossom,The St. Marc Collection,Mil-Spec
MP7 | Teal Blossom,The St. Marc Collection,Mil-Spec
FAMAS | Sundown,The St. Marc Collection,Mil-Spec
SSG 08 | Sea Calico,The St. Marc Collection,Restricted
Glock-18 | Synth Leaf,The St. Marc Collection,Restricted
AUG | Midnight Lily,The St. Marc Collection,Restricted
MP9 | Wild Lily,The St. Marc Collection,Classified
AK-47 | Wild Lotus,The St. Marc Collection,Covert
AUG | Navy Murano,The Canals Collection,Consumer
SCAR-20 | Stone Mosaico,The Canals Collection,Consumer
R8 Revolver | Canal Spray,The Canals Collection,Consumer
Negev | Boroque Sand,The Canals Collection,Consumer
CZ75-Auto | Indigo,The Canals Collection,Consumer
AK-47 | Baroque Purple,The Canals Collection,Industrial
SG 553 | Candy Apple,The Canals Collection,Industrial
P250 | Dark Filigree,The Canals Collection,Industrial
Tec-9 | Orange Murano,The Canals Collection,Industrial
P90 | Baroque Red,The Canals Collection,Mil-Spec
G3SG1 | Violet Murano,The Canals Collection,Mil-Spec
Dual Berettas | Emerald,The Canals Collection,Mil-Spec
SSG 08 | Orange Filigree,The Canals Collection,Mil-Spec
MP9 | Stained Glass,The Canals Collection,Restricted
MAC-10 | Red Filigree,The Canals Collection,Restricted
Nova | Baroque Orange,The Canals Collection,Restricted
MAG-7 | Cinquedea,The Canals Collection,Classified
AWP | The Prince,The Canals Collection,Covert
SG 553 | Barricade,The Norse Collection,Consumer
Galil AR | Tornado,The Norse Collection,Consumer
MP7 | Scorched,The Norse Collection,Consumer
SSG 08 | Red Stone,The Norse Collection,Consumer
FAMAS | Night Borre,The Norse Collection,Consumer
M4A1-S | Moss Quartz,The Norse Collection,Industrial
USP-S | Pathfinder,The Norse Collection,Industrial
MAG-7 | Chainmail,The Norse Collection,Industrial
Dual Berettas | Pyre,The Norse Collection,Industrial
SCAR-20 | Brass,The Norse Collection,Mil-Spec
CZ75-Auto | Emerald Quartz,The Norse Collection,Mil-Spec
XM1014 | Frost Borre,The Norse Collection,Mil-Spec
MAC-10 | Copper Borre,The Norse Collection,Mil-Spec
AUG | Flame Jörmungandr,The Norse Collection,Restricted
Desert Eagle | Emerald Jörmungandr,The Norse Collection,Restricted
P90 | Astral Jörmungandr,The Norse Collection,Restricted
Negev | Mjölnir,The Norse Collection,Classified
AWP | Gungnir,The Norse Collection,Covert
MP5-SD | Acid Wash,Shattered Web Case,Mil-Spec
Nova | Plume,Shattered Web Case,Mil-Spec
G3SG1 | Black Sand,Shattered Web Case,Mil-Spec
R8 Revolver | Memento,Shattered Web Case,Mil-Spec
Dual Berettas | Balance,Shattered Web Case,Mil-Spec
SCAR-20 | Torn,Shattered Web Case,Mil-Spec
M249 | Warbird,Shattered Web Case,Mil-Spec
PP-Bizon | Embargo,Shattered Web Case,Restricted
AK-47 | Rat Rod,Shattered Web Case,Restricted
AUG | Arctic Wolf,Shattered Web Case,Restricted
MP7 | Neon Ply,Shattered Web Case,Restricted
P2000 | Obsidian,Shattered Web Case,Restricted
Tec-9 | Decimator,Shattered Web Case,Classified
SG 553 | Colony IV,Shattered Web Case,Classified
SSG 08 | Bloodshot,Shattered Web Case,Classified
AWP | Containment Breach,Shattered Web Case,Covert
MAC-10 | Stalker,Shattered Web Case,Covert
AUG | Tom Cat,Prisma 2 Case,Mil-Spec
AWP | Capillary,Prisma 2 Case,Mil-Spec
CZ75-Auto | Distressed,Prisma 2 Case,Mil-Spec
Desert Eagle | Blue Ply,Prisma 2 Case,Mil-Spec
MP5-SD | Desert Strike,Prisma 2 Case,Mil-Spec
Negev | Prototype,Prisma 2 Case,Mil-Spec
R8 Revolver | Bone Forged,Prisma 2 Case,Mil-Spec
P2000 | Acid Etched,Prisma 2 Case,Restricted
Sawed-Off | Apocalypto,Prisma 2 Case,Restricted
SCAR-20 | Enforcer,Prisma 2 Case,Restricted
SG 553 | Darkwing,Prisma 2 Case,Restricted
SSG 08 | Fever Dream,Prisma 2 Case,Restricted
AK-47 | Phantom Disruptor,Prisma 2 Case,Classified
MAC-10 | Disco Tech,Prisma 2 Case,Classified
MAG-7 | Justice,Prisma 2 Case,Classified
M4A1-S | Player Two,Prisma 2 Case,Covert
Glock-18 | Bullet Queen,Prisma 2 Case,Covert
Negev | Ultralight,Fracture Case,Mil-Spec
P2000 | Gnarled,Fracture Case,Mil-Spec
SG 553 | Ol' Rusty,Fracture Case,Mil-Spec
SSG 08 | Mainframe 001,Fracture Case,Mil-Spec
P250 | Cassette,Fracture Case,Mil-Spec
P90 | Freight,Fracture Case,Mil-Spec
PP-Bizon | Runic,Fracture Case,Mil-Spec
MAG-7 | Monster Call,Fracture Case,Restricted
Tec-9 | Brother,Fracture Case,Restricted
MAC-10 | Allure,Fracture Case,Restricted
Galil AR | Connexion,Fracture Case,Restricted
MP5-SD | Kitbash,Fracture Case,Restricted
M4A4 | Tooth Fairy,Fracture Case,Classified
Glock-18 | Vogue,Fracture Case,Classified
XM1014 | Entombed,Fracture Case,Classified
Desert Eagle | Printstream,Fracture Case,Covert
AK-47 | Legion of Anubis,Fracture Case,Covert
CZ75-Auto | Vendetta,Operation Broken Fang Case,Mil-Spec
P90 | Cocoa Rampage,Operation Broken Fang Case,Mil-Spec
G3SG1 | Digital Mesh,Operation Broken Fang Case,Mil-Spec
Galil AR | Vandal,Operation Broken Fang Case,Mil-Spec
P250 | Contaminant,Operation Broken Fang Case,Mil-Spec
M249 | Deep Relief,Operation Broken Fang Case,Mil-Spec
MP5-SD | Condition Zero,Operation Broken Fang Case,Mil-Spec
AWP | Exoskeleton,Operation Broken Fang Case,Restricted
Dual Berettas | Dezastre,Operation Broken Fang Case,Restricted
Nova | Clear Polymer,Operation Broken Fang Case,Restricted
SSG 08 | Parallax,Operation Broken Fang Case,Restricted
UMP-45 | Gold Bismuth,Operation Broken Fang Case,Restricted
Five-SeveN | Fairy Tale,Operation Broken Fang Case,Classified
M4A4 | Cyber Security,Operation Broken Fang Case,Classified
USP-S | Monster Mashup,Operation Broken Fang Case,Classified
M4A1-S | Printstream,Operation Broken Fang Case,Covert
Glock-18 | Neo-Noir,Operation Broken Fang Case,Covert
XM1014 | Charter,The Control Collection,Consumer
AUG | Surveillance,The Control Collection,Consumer
MP9 | Army Sheen,The Control Collection,Consumer
P250 | Forest Night,The Control Collection,Consumer
CZ75-Auto | Jungle Dashed,The Control Collection,Consumer
Desert Eagle | The Bronze,The Control Collection,Industrial
Dual Berettas | Switch Board,The Control Collection,Industrial
MP5-SD | Nitro,The Control Collection,Industrial
MAG-7 | Carbon Fiber,The Control Collection,Industrial
M4A4 | Global Offensive,The Control Collection,Mil-Spec
SSG 08 | Threat Detected,The Control Collection,Mil-Spec
P2000 | Dispatch,The Control Collection,Mil-Spec
SCAR-20 | Magna Carta,The Control Collection,Mil-Spec
FAMAS | Prime Conspiracy,The Control Collection,Restricted
Five-SeveN | Berries And Cherries,The Control Collection,Restricted
UMP-45 | Crime Scene,The Control Collection,Restricted
USP-S | Target Acquired,The Control Collection,Classified
M4A1-S | Blue Phosphor,The Control Collection,Classified
AWP | Fade,The Control Collection,Covert
Dual Berettas | Heist,The Havoc Collection,Consumer
Tec-9 | Phoenix Chalk,The Havoc Collection,Consumer
Sawed-Off | Clay Ambush,The Havoc Collection,Consumer
PP-Bizon | Death Rattle,The Havoc Collection,Consumer
M249 | Predator,The Havoc Collection,Consumer
MP7 | Vault Heist,The Havoc Collection,Industrial
UMP-45 | Houndstooth,The Havoc Collection,Industrial
R8 Revolver | Phoenix Marker,The Havoc Collection,Industrial
Nova | Rust Coat,The Havoc Collection,Industrial
Desert Eagle | Night Heist,The Havoc Collection,Mil-Spec
Negev | Phoenix Stencil,The Havoc Collection,Mil-Spec
P90 | Tiger Pit,The Havoc Collection,Mil-Spec
P250 | Bengal Tiger,The Havoc Collection,Mil-Spec
Galil AR | Phoenix Blacklight,The Havoc Collection,Restricted
SG 553 | Hypnotic,The Havoc Collection,Restricted
Glock-18 | Franklin,The Havoc Collection,Restricted
AWP | Silk Tiger,The Havoc Collection,Classified
MAC-10 | Hot Snakes,The Havoc Collection,Classified
AK-47 | X-Ray,The Havoc Collection,Covert
P90 | Ancient Earth,The Ancient Collection,Consumer
SG 553 | Lush Ruins,The Ancient Collection,Consumer
Nova | Army Sheen,The Ancient Collection,Consumer
SSG 08 | Jungle Dashed,The Ancient Collection,Consumer
R8 Revolver | Night,The Ancient Collection,Consumer
P2000 | Panther Camo,The Ancient Collection,Industrial
MP7 | Tall Grass,The Ancient Collection,Industrial
G3SG1 | Ancient Ritual,The Ancient Collection,Industrial
CZ75-Auto | Silver,The Ancient Collection,Industrial
Tec-9 | Blast From the Past,The Ancient Collection,Mil-Spec
AUG | Carved Jade,The Ancient Collection,Mil-Spec
Galil AR | Dusk Ruins,The Ancient Collection,Mil-Spec
FAMAS | Dark Water,The Ancient Collection,Mil-Spec
XM1014 | Ancient Lore,The Ancient Collection,Restricted
MAC-10 | Gold Brick,The Ancient Collection,Restricted
USP-S | Ancient Visions,The Ancient Collection,Restricted
P90 | Run and Hide,The Ancient Collection,Classified
AK-47 | Panthera onca,The Ancient Collection,Classified
M4A1-S | Welcome to the Jungle,The Ancient Collection,Covert
Glock-18 | Clear Polymer,Snakebite Case,Mil-Spec
M249 | O.S.I.P.R.,Snakebite Case,Mil-Spec
SG 553 | Heavy Metal,Snakebite Case,Mil-Spec
R8 Revolver | Junk Yard,Snakebite Case,Mil-Spec
UMP-45 | Oscillator,Snakebite Case,Mil-Spec
Nova | Windblown,Snakebite Case,Mil-Spec
CZ75-Auto | Circaetus,Snakebite Case,Mil-Spec
AK-47 | Slate,Snakebite Case,Restricted
P250 | Cyber Shell,Snakebite Case,Restricted
Negev | dev_texture,Snakebite Case,Restricted
MAC-10 | Button Masher,Snakebite Case,Restricted
Desert Eagle | Trigger Discipline,Snakebite Case,Restricted
MP9 | Food Chain,Snakebite Case,Classified
XM1014 | XOXO,Snakebite Case,Classified
Galil AR | Chromatic Aberration,Snakebite Case,Classified
USP-S | The Traitor,Snakebite Case,Covert
M4A4 | In Living Color,Snakebite Case,Covert
R8 Revolver | Desert Brush,The 2021 Dust 2 Collection,Consumer
P90 | Desert DDPAT,The 2021 Dust 2 Collection,Consumer
SG 553 | Bleached,The 2021 Dust 2 Collection,Consumer
MP7 | Prey,The 2021 Dust 2 Collection,Consumer
Sawed-Off | Parched,The 2021 Dust 2 Collection,Consumer
AUG | Spalted Wood,The 2021 Dust 2 Collection,Industrial
MP9 | Old Roots,The 2021 Dust 2 Collection,Industrial
Five-SeveN | Withered Vine,The 2021 Dust 2 Collection,Industrial
M249 | Midnight Palm,The 2021 Dust 2 Collection,Industrial
P250 | Black & Tan,The 2021 Dust 2 Collection,Mil-Spec
Nova | Quick Sand,The 2021 Dust 2 Collection,Mil-Spec
G3SG1 | New Roots,The 2021 Dust 2 Collection,Mil-Spec
Galil AR | Amber Fade,The 2021 Dust 2 Collection,Mil-Spec
USP-S | Orange Anolis,The 2021 Dust 2 Collection,Restricted
M4A4 | Red DDPAT,The 2021 Dust 2 Collection,Restricted
MAC-10 | Case Hardened,The 2021 Dust 2 Collection,Restricted
UMP-45 | Fade,The 2021 Dust 2 Collection,Classified
SSG 08 | Death Strike,The 2021 Dust 2 Collection,Classified
AK-47 | Gold Arabesque,The 2021 Dust 2 Collection,Covert
P250 | Drought,The 2021 Mirage Collection,Consumer
PP-Bizon | Anolis,The 2021 Mirage Collection,Consumer
MAG-7 | Navy Sheen,The 2021 Mirage Collection,Consumer
MAC-10 | Sienna Damask,The 2021 Mirage Collection,Consumer
SSG 08 | Prey,The 2021 Mirage Collection,Consumer
Dual Berettas | Drift Wood,The 2021 Mirage Collection,Industrial
FAMAS | CaliCamo,The 2021 Mirage Collection,Industrial
CZ75-Auto | Midnight Palm,The 2021 Mirage Collection,Industrial
P90 | Verdant Growth,The 2021 Mirage Collection,Industrial
USP-S | Purple DDPAT,The 2021 Mirage Collection,Mil-Spec
MP9 | Music Box,The 2021 Mirage Collection,Mil-Spec
M249 | Humidor,The 2021 Mirage Collection,Mil-Spec
SG 553 | Desert Blossom,The 2021 Mirage Collection,Mil-Spec
XM1014 | Elegant Vines,The 2021 Mirage Collection,Restricted
Glock-18 | Pink DDPAT,The 2021 Mirage Collection,Restricted
AUG | Sand Storm,The 2021 Mirage Collection,Restricted
MP5-SD | Oxide Oasis,The 2021 Mirage Collection,Classified
Desert Eagle | Fennec Fox,The 2021 Mirage Collection,Classified
AWP | Desert Hydra,The 2021 Mirage Collection,Covert
Desert Eagle | Sputnik,The 2021 Train Collection,Mil-Spec
M4A1-S | Fizzy POP,The 2021 Train Collection,Mil-Spec
SSG 08 | Spring Twilly,The 2021 Train Collection,Mil-Spec
AUG | Amber Fade,The 2021 Train Collection,Mil-Spec
UMP-45 | Full Stop,The 2021 Train Collection,Mil-Spec
Tec-9 | Safety Net,The 2021 Train Collection,Mil-Spec
R8 Revolver | Blaze,The 2021 Train Collection,Mil-Spec
CZ75-Auto | Syndicate,The 2021 Train Collection,Restricted
AWP | POP AWP,The 2021 Train Collection,Restricted
P2000 | Space Race,The 2021 Train Collection,Restricted
MP5-SD | Autumn Twilly,The 2021 Train Collection,Restricted
Nova | Red Quartz,The 2021 Train Collection,Restricted
FAMAS | Meltdown,The 2021 Train Collection,Classified
MAC-10 | Propaganda,The 2021 Train Collection,Classified
USP-S | Whiteout,The 2021 Train Collection,Classified
Glock-18 | Gamma Doppler,The 2021 Train Collection,Covert
M4A4 | The Coalition,The 2021 Train Collection,Covert
MAC-10 | Strats,The 2021 Vertigo Collection,Consumer
FAMAS | Faulty Wiring,The 2021 Vertigo Collection,Consumer
XM1014 | Blue Tire,The 2021 Vertigo Collection,Consumer
CZ75-Auto | Framework,The 2021 Vertigo Collection,Consumer
Dual Berettas | Oil Change,The 2021 Vertigo Collection,Consumer
Glock-18 | Red Tire,The 2021 Vertigo Collection,Industrial
UMP-45 | Mechanism,The 2021 Vertigo Collection,Industrial
SSG 08 | Carbon Fiber,The 2021 Vertigo Collection,Industrial
PP-Bizon | Breaker Box,The 2021 Vertigo Collection,Industrial
AK-47 | Green Laminate,The 2021 Vertigo Collection,Mil-Spec
P90 | Schematic,The 2021 Vertigo Collection,Mil-Spec
Nova | Interlock,The 2021 Vertigo Collection,Mil-Spec
Negev | Infrastructure,The 2021 Vertigo Collection,Mil-Spec
Galil AR | CAUTION!,The 2021 Vertigo Collection,Restricted
MAG-7 | Prism Terrace,The 2021 Vertigo Collection,Restricted
P250 | Digital Architect,The 2021 Vertigo Collection,Restricted
Five-SeveN | Fall Hazard,The 2021 Vertigo Collection,Classified
SG 553 | Hazard Pay,The 2021 Vertigo Collection,Classified
M4A1-S | Imminent Danger,The 2021 Vertigo Collection,Covert
AUG | Plague,Operation Riptide Case,Mil-Spec
Dual Berettas | Tread,Operation Riptide Case,Mil-Spec
G3SG1 | Keeping Tabs,Operation Riptide Case,Mil-Spec
MP7 | Guerrilla,Operation Riptide Case,Mil-Spec
PP-Bizon | Lumen,Operation Riptide Case,Mil-Spec
USP-S | Black Lotus,Operation Riptide Case,Mil-Spec
XM1014 | Watchdog,Operation Riptide Case,Mil-Spec
MAG-7 | BI83 Spectrum,Operation Riptide Case,Restricted
FAMAS | ZX Spectron,Operation Riptide Case,Restricted
Five-SeveN | Boost Protocol,Operation Riptide Case,Restricted
MP9 | Mount Fuji,Operation Riptide Case,Restricted
M4A4 | Spider Lily,Operation Riptide Case,Restricted
MAC-10 | Toybox,Operation Riptide Case,Classified
Glock-18 | Snack Attack,Operation Riptide Case,Classified
SSG 08 | Turbo Peek,Operation Riptide Case,Classified
Desert Eagle | Ocean Drive,Operation Riptide Case,Covert
AK-47 | Leet Museo,Operation Riptide Case,Covert
Five-SeveN | Scrawl,Dreams & Nightmares Case,Mil-Spec
MAC-10 | Ensnared,Dreams & Nightmares Case,Mil-Spec
MAG-7 | Foresight,Dreams & Nightmares Case,Mil-Spec
MP5-SD | Necro Jr.,Dreams & Nightmares Case,Mil-Spec
P2000 | Lifted Spirits,Dreams & Nightmares Case,Mil-Spec
SCAR-20 | Poultrygeist,Dreams & Nightmares Case,Mil-Spec
Sawed-Off | Spirit Board,Dreams & Nightmares Case,Mil-Spec
PP-Bizon | Space Cat,Dreams & Nightmares Case,Restricted
G3SG1 | Dream Glade,Dreams & Nightmares Case,Restricted
M4A1-S | Night Terror,Dreams & Nightmares Case,Restricted
XM1014 | Zombie Offensive,Dreams & Nightmares Case,Restricted
USP-S | Ticket to Hell,Dreams & Nightmares Case,Restricted
Dual Berettas | Melondrama,Dreams & Nightmares Case,Classified
FAMAS | Rapid Eye Movement,Dreams & Nightmares Case,Classified
MP7 | Abyssal Apparition,Dreams & Nightmares Case,Classified
AK-47 | Nightwish,Dreams & Nightmares Case,Covert
MP9 | Starlight Protector,Dreams & Nightmares Case,Covert
FAMAS | Meow 36,Recoil Case,Mil-Spec
Galil AR | Destroyer,Recoil Case,Mil-Spec
M4A4 | Poly Mag,Recoil Case,Mil-Spec
MAC-10 | Monkeyflage,Recoil Case,Mil-Spec
Negev | Drop Me,Recoil Case,Mil-Spec
UMP-45 | Roadblock,Recoil Case,Mil-Spec
Glock-18 | Winterized,Recoil Case,Mil-Spec
R8 Revolver | Crazy 8,Recoil Case,Restricted
M249 | Downtown,Recoil Case,Restricted
SG 553 | Dragon Tech,Recoil Case,Restricted
P90 | Vent Rush,Recoil Case,Restricted
Dual Berettas | Flora Carnivora,Recoil Case,Restricted
AK-47 | Ice Coaled,Recoil Case,Classified
P250 | Visions,Recoil Case,Classified
Sawed-Off | Kiss♥Love,Recoil Case,Classified
USP-S | Printstream,Recoil Case,Covert
AWP | Chromatic Aberration,Recoil Case,Covert
MAG-7 | Insomnia,Revolution Case,Mil-Spec
MP9 | Featherweight,Revolution Case,Mil-Spec
SCAR-20 | Fragments,Revolution Case,Mil-Spec
P250 | Re.built,Revolution Case,Mil-Spec
MP5-SD | Liquidation,Revolution Case,Mil-Spec
SG 553 | Cyberforce,Revolution Case,Mil-Spec
Tec-9 | Rebel,Revolution Case,Mil-Spec
M4A1-S | Emphorosaur-S,Revolution Case,Restricted
Glock-18 | Umbral Rabbit,Revolution Case,Restricted
MAC-10 | Sakkaku,Revolution Case,Restricted
R8 Revolver | Banana Cannon,Revolution Case,Restricted
P90 | Neoqueen,Revolution Case,Restricted
UMP-45 | Wild Child,Revolution Case,Classified
P2000 | Wicked Sick,Revolution Case,Classified
AK-47 | Head Shot,Revolution Case,Covert
M4A4 | Temukau,Revolution Case,Covert
AWP | Duality,Revolution Case,Classified
R8 Revolver | Inlay,Anubis Collection Package,Consumer
M249 | Submerged,Anubis Collection Package,Consumer
XM1014 | Hieroglyph,Anubis Collection Package,Consumer
MP7 | Sunbaked,Anubis Collection Package,Consumer
AUG | Snake Pit,Anubis Collection Package,Consumer
M4A1-S | Mud-Spec,Anubis Collection Package,Industrial
SSG 08 | Azure Glyph,Anubis Collection Package,Industrial
MAC-10 | Echoing Sands,Anubis Collection Package,Industrial
USP-S | Desert Tactical,Anubis Collection Package,Industrial
AK-47 | Steel Delta,Anubis Collection Package,Mil-Spec
AWP | Black Nile,Anubis Collection Package,Mil-Spec
Tec-9 | Mummy's Rot,Anubis Collection Package,Mil-Spec
MAG-7 | Copper Coated,Anubis Collection Package,Mil-Spec
Glock-18 | Ramese's Reach,Anubis Collection Package,Restricted
Nova | Sobek's Bite,Anubis Collection Package,Restricted
P90 | ScaraB Rush,Anubis Collection Package,Restricted
FAMAS | Waters of Nephthys,Anubis Collection Package,Classified
P250 | Apep's Curse,Anubis Collection Package,Classified
M4A4 | Eye of Horus,Anubis Collection Package,Covert
